{
  "v1_loss": 0.7742201943277741,
  "z_loss": 0.6976274570566224,
  "improvement": 0.07659273727115168,
  "p_value": 0.02156147902628082,
  "ci": [
    0.012793817100798802,
    0.14216459904967432
  ],
  "speed_practice_z": {
    "0th": 3.7880108678087043,
    "1st": 4.778014462051609,
    "2nd": 5.126691567633485,
    "3rd": 5.77437614360396,
    "4th": 5.560966605780321,
    "5th": 5.868903712919888,
    "6th": 6.062973098104738,
    "7th": 6.954042246916818,
    "8th": 7.653330714613355,
    "9th": 7.5197481104147785,
    "10th": 8.208174961764595,
    "Gamma": 8.465912337239185,
    "Azimuth": 8.968628051007675,
    "Zenith": 9.979222482884385,
    "Stellium": 10.516224924437498
  }
}