{
  "type": "rc_model",
  "loss": 1.3590223517126783,
  "mae": 0.23660777272477032,
  "r": 0.987048198480453,
  "baseline_total_loss": 2.196676649525631,
  "baseline_total_mae": 0.32501492971715845,
  "method": "NM 2 rounds (B1 sigmoid+calib, B2 D formula, B3 post)",
  "params": {
    "use_enhanced": true,
    "use_enhanced_release": 1,
    "use_column_distance": 1,
    "use_shield": 1,
    "use_inverse": 1,
    "use_stamina": 0,
    "use_comprehensiveness": 0,
    "D_gamma_e": 0.0,
    "w_mean": 0.572,
    "rescale_threshold": 9.417420338567627,
    "rescale_divisor": 2.009376904206021,
    "jack_aggregation_power": 4.271216932836177,
    "multi_jack_boost": 0.00042685730273835614,
    "Abar_scale": 1.0163,
    "inverse_peak_width": 2.0,
    "shield_anchor_mod": 0.8062210781592527,
    "shield_coord_factor": 1.0025438218559561,
    "stream_booster_scale": 1.75e-07,
    "cross_dist_exponent": 1.0,
    "cross_same_hand_penalty": 0.3,
    "cross_thumb_bridge_factor": 0.5535622364790934,
    "release_tail_coeff": 0.14488009478034738,
    "release_tail_to_tap": 4.224154738413993,
    "release_same_col_bonus": 0.267745272040277,
    "release_coord_exponent": 0.7193118045950513,
    "S_w1": 0.484,
    "S_p": 0.9994,
    "alpha_P": 0.7245387129819947,
    "alpha_R": 32.2385,
    "alpha_C": 11.02053,
    "alpha_S": 0.5554,
    "alpha_V": 0.37139999999999995,
    "D_beta1": 1.1879,
    "D_beta2": 0.3845,
    "w_93": 0.1820607086443739,
    "w_83": 0.2338096935124762,
    "coeff_93": 0.9642799087643721,
    "coeff_83": 0.6025543835022324,
    "mean_power": 2.137380905141331,
    "note_norm_N0": 8.208876816969216,
    "global_scale": 1.0549342571808757,
    "inv_amplitude": 3.7118766294981045,
    "inv_tau": 31.906673905517522,
    "inv_power": 0.797883494531484,
    "guide_depth": 0.8539658929253457,
    "guide_center": 83.00337573436185,
    "guide_width": 33.569919335556584,
    "cross_guide_scale": 0.6632104629775328,
    "inverse_same_col_bonus": 2.6796650792734167,
    "shield_tau_ms": 56.2429,
    "release_seq_coeff": 0.10849823285734937,
    "lock_interaction_coeff": 0.11648699038253439,
    "cross_dist_exponent_rc": 0.997293421760749,
    "cross_dist_exponent_ln": 0.9323875832719253,
    "cross_same_hand_penalty_rc": 0.39298900398939857,
    "cross_same_hand_penalty_ln": 0.2954279991821967,
    "use_sigmoid_aggregation": 1,
    "agg_sigmoid_k": 2.09,
    "agg_sigmoid_C": 3.968852604627637,
    "agg_sigmoid_ref_gamma": 0.1956208588626766,
    "calib_a": 0.8933406436079341,
    "calib_b": 0.03083150068086804,
    "short_ln_threshold": 331.62375992488296,
    "short_ln_reduction": 0.10008962172133994,
    "V_alpha": 0.435,
    "S_w1_rc": 0.5459259100383405,
    "S_p_rc": 0.8586310947122264,
    "alpha_P_rc": 0.5392380666052108,
    "D_beta1_rc": 1.8687574554781872,
    "D_beta2_rc": 0.39363587611423,
    "Abar_scale_rc": 0.9886284358035143,
    "calib_a_rc": 0.858136086223025,
    "calib_b_rc": -0.018668370815569657,
    "agg_sigmoid_k_rc": 2.310438836954186,
    "agg_sigmoid_C_rc": 4.1140868461450575,
    "agg_sigmoid_gamma_rc": 0.20280826962182968,
    "note_norm_N0_rc": 0.0,
    "rescale_threshold_rc": 9.54091768708962,
    "rescale_divisor_rc": 2.114935396824644,
    "global_scale_rc": 1.0530564601936523
  },
  "history": [
    [
      "B1: Sigmoid+Calib",
      1.504219927753445
    ],
    [
      "B2: D Formula",
      1.3702631961140008
    ],
    [
      "B3: Post-processing",
      1.3626528182780258
    ],
    [
      "B1: Sigmoid+Calib",
      1.3599277179654639
    ],
    [
      "B2: D Formula",
      1.3594370872682604
    ],
    [
      "B3: Post-processing",
      1.3590223517126796
    ]
  ]
}