{
  "model_type": "single_weight",
  "features": [
    "speed",
    "burst",
    "chord",
    "pj",
    "hs",
    "lb",
    "fj"
  ],
  "correction_weights": {
    "speed": -0.0380996735738698,
    "burst": -0.025148794588902998,
    "chord": -0.71420012109205,
    "pj": -0.0050070390858298125,
    "hs": 0.04346521445328749,
    "lb": 0.020229065240061,
    "fj": 0.26523765756302176
  },
  "postprocess": {
    "N0": 0.00048019189651536405,
    "threshold": 9.398828546361862,
    "divisor": 1.9841881487426187,
    "scale": 1.0614719389587273
  },
  "regularization_lambda": 0.01,
  "in_sample_loss": {
    "total": 0.7701714752074433,
    "rc": 1.1823860831913693,
    "ln": 0.4562045992723771,
    "hb": 0.48834257070375653
  },
  "cv_test_loss": 0.8619600419003527,
  "cv_test_std": 0.24685489865210966,
  "cv_train_loss": 0.791758583530648
}