{
  "type": "ln_model",
  "loss": 6.46977604752685,
  "mae": 0.7705055642667926,
  "r": 0.852885019910822,
  "n_valid": 114,
  "baseline_total_loss": 0.4384646150583218,
  "baseline_total_mae": 0.21976801437137253,
  "method": "NM 2 rounds (medium path: pre-extracted Rbar/Sbar/Vbar arrays)",
  "params": {
    "use_enhanced": true,
    "use_enhanced_release": 1,
    "use_column_distance": 1,
    "use_shield": 1,
    "use_inverse": 1,
    "use_stamina": 0,
    "use_comprehensiveness": 0,
    "D_gamma_e": 0.0,
    "w_mean": 0.572,
    "rescale_threshold": 9.54,
    "rescale_divisor": 2.0,
    "jack_aggregation_power": 3.98,
    "multi_jack_boost": 0.003,
    "Abar_scale": 1.0159974528704387,
    "inverse_peak_width": 2.0,
    "shield_anchor_mod": 0.8062210781592527,
    "shield_coord_factor": 1.0025438218559561,
    "stream_booster_scale": 1.75e-07,
    "cross_dist_exponent": 1.0,
    "cross_same_hand_penalty": 0.3,
    "cross_thumb_bridge_factor": 0.5768675268883898,
    "release_tail_coeff": 0.1301386626710443,
    "release_tail_to_tap": 2.8102788921489603,
    "release_same_col_bonus": 0.2510782776793202,
    "release_coord_exponent": 0.6855610516647912,
    "S_w1": 0.5127205484014595,
    "S_p": 1.1350727423836298,
    "alpha_P": 0.7243971981192697,
    "alpha_R": 28.68398732935888,
    "alpha_C": 9.597140096247783,
    "alpha_S": 0.5017118508840599,
    "alpha_V": 0.4348924525605874,
    "D_beta1": 1.1645638403719478,
    "D_beta2": 0.3889790083690824,
    "w_93": 0.1820607086443739,
    "w_83": 0.2338096935124762,
    "coeff_93": 0.9642799087643721,
    "coeff_83": 0.6025543835022324,
    "mean_power": 2.137380905141331,
    "note_norm_N0": 10.0,
    "global_scale": 1.0548667350346,
    "inv_amplitude": 3.448859525864742,
    "inv_tau": 32.502710313970894,
    "inv_power": 0.8537687907693771,
    "guide_depth": 0.7971215272422785,
    "guide_center": 78.53359863949761,
    "guide_width": 41.581395044572375,
    "cross_guide_scale": 0.5894104667719972,
    "inverse_same_col_bonus": 2.6084806897704493,
    "shield_tau_ms": 56.24289518646123,
    "release_seq_coeff": 0.07876946297853933,
    "lock_interaction_coeff": 0.13816209949139724,
    "cross_dist_exponent_rc": 0.9732421726222308,
    "cross_dist_exponent_ln": 0.974803204070658,
    "cross_same_hand_penalty_rc": 0.3613101110984365,
    "cross_same_hand_penalty_ln": 0.30422710249481105,
    "use_sigmoid_aggregation": 1,
    "agg_sigmoid_k": 1.5636,
    "agg_sigmoid_C": 3.9862,
    "agg_sigmoid_ref_gamma": 0.2011,
    "calib_a": 0.8899,
    "calib_b": 0.0436,
    "alpha_R_ln": 0.3768586510348483,
    "alpha_S_ln": 1.8653608777617254,
    "alpha_V_ln": 0.0,
    "calib_a_ln": 1.6611593771858189,
    "calib_b_ln": 2.0,
    "agg_sigmoid_k_ln": 1.2133712958323792,
    "agg_sigmoid_C_ln": 3.827169439026581,
    "agg_sigmoid_gamma_ln": 0.24795804559954793,
    "note_norm_N0_ln": 43.51007974357209,
    "rescale_threshold_ln": 8.721186394114943,
    "rescale_divisor_ln": 1.2032962700293268,
    "global_scale_ln": 1.048659859411192
  },
  "history": [
    [
      "B1: D Weights",
      11.06010609526576
    ],
    [
      "B2: Sigmoid+Calib",
      8.804831357966302
    ],
    [
      "B3: Post-processing",
      8.335409454192114
    ],
    [
      "B1: D Weights",
      7.241952405836067
    ],
    [
      "B2: Sigmoid+Calib",
      6.621142000113355
    ],
    [
      "B3: Post-processing",
      6.46977604752685
    ]
  ]
}