{
  "type": "rc_model",
  "loss": 1.298850530320486,
  "mae": 0.23015696607692757,
  "r": 0.9881939952099613,
  "baseline_total_loss": 1.5478659230474487,
  "baseline_total_mae": 0.2609762868552102,
  "method": "NM 2 rounds (B1 sigmoid+calib, B2 D formula, B3 post)",
  "params": {
    "use_enhanced": true,
    "use_enhanced_release": 1,
    "use_column_distance": 1,
    "use_shield": 1,
    "use_inverse": 1,
    "use_stamina": 0,
    "use_comprehensiveness": 0,
    "D_gamma_e": 0.0,
    "w_mean": 0.572,
    "rescale_threshold": 9.54,
    "rescale_divisor": 2.0,
    "jack_aggregation_power": 3.98,
    "multi_jack_boost": 0.003,
    "Abar_scale": 1.0159974528704387,
    "inverse_peak_width": 2.0,
    "shield_anchor_mod": 0.8062210781592527,
    "shield_coord_factor": 1.0025438218559561,
    "stream_booster_scale": 1.75e-07,
    "cross_dist_exponent": 1.0,
    "cross_same_hand_penalty": 0.3,
    "cross_thumb_bridge_factor": 0.5768675268883898,
    "release_tail_coeff": 0.1301386626710443,
    "release_tail_to_tap": 2.8102788921489603,
    "release_same_col_bonus": 0.2510782776793202,
    "release_coord_exponent": 0.6855610516647912,
    "S_w1": 0.5127205484014595,
    "S_p": 1.1350727423836298,
    "alpha_P": 0.7243971981192697,
    "alpha_R": 28.68398732935888,
    "alpha_C": 9.597140096247783,
    "alpha_S": 0.5017118508840599,
    "alpha_V": 0.4348924525605874,
    "D_beta1": 1.1645638403719478,
    "D_beta2": 0.3889790083690824,
    "w_93": 0.1820607086443739,
    "w_83": 0.2338096935124762,
    "coeff_93": 0.9642799087643721,
    "coeff_83": 0.6025543835022324,
    "mean_power": 2.137380905141331,
    "note_norm_N0": 10.0,
    "global_scale": 1.0548667350346,
    "inv_amplitude": 3.448859525864742,
    "inv_tau": 32.502710313970894,
    "inv_power": 0.8537687907693771,
    "guide_depth": 0.7971215272422785,
    "guide_center": 78.53359863949761,
    "guide_width": 41.581395044572375,
    "cross_guide_scale": 0.5894104667719972,
    "inverse_same_col_bonus": 2.6084806897704493,
    "shield_tau_ms": 56.24289518646123,
    "release_seq_coeff": 0.07876946297853933,
    "lock_interaction_coeff": 0.13816209949139724,
    "cross_dist_exponent_rc": 0.9732421726222308,
    "cross_dist_exponent_ln": 0.974803204070658,
    "cross_same_hand_penalty_rc": 0.3613101110984365,
    "cross_same_hand_penalty_ln": 0.30422710249481105,
    "use_sigmoid_aggregation": 1,
    "agg_sigmoid_k": 1.5636,
    "agg_sigmoid_C": 3.9862,
    "agg_sigmoid_ref_gamma": 0.2011,
    "calib_a": 0.8899,
    "calib_b": 0.0436,
    "S_w1_rc": 0.5344569049642675,
    "S_p_rc": 1.1252185265585248,
    "alpha_P_rc": 0.7240681334591841,
    "D_beta1_rc": 1.1969384830376526,
    "D_beta2_rc": 0.38628475214559566,
    "Abar_scale_rc": 1.025360108921893,
    "calib_a_rc": 0.884304721531611,
    "calib_b_rc": 0.025663962055528566,
    "agg_sigmoid_k_rc": 1.6399048937073588,
    "agg_sigmoid_C_rc": 4.0997824902560405,
    "agg_sigmoid_gamma_rc": 0.1975953705739405,
    "note_norm_N0_rc": 9.271732216447308,
    "rescale_threshold_rc": 9.50273655060929,
    "rescale_divisor_rc": 1.9148953744152124,
    "global_scale_rc": 1.0545841271534262
  },
  "history": [
    [
      "B1: Sigmoid+Calib",
      1.348630049817159
    ],
    [
      "B2: D Formula",
      1.3402156297708383
    ],
    [
      "B3: Post-processing",
      1.3355908487591657
    ],
    [
      "B1: Sigmoid+Calib",
      1.3103949940555457
    ],
    [
      "B2: D Formula",
      1.301669006278486
    ],
    [
      "B3: Post-processing",
      1.2988505303204845
    ]
  ]
}