{
  "model_type": "single_weight",
  "features": [
    "speed",
    "burst",
    "chord",
    "pj",
    "hs",
    "lb",
    "fj",
    "nps_std",
    "chord2"
  ],
  "correction_weights": {
    "speed": -0.04650430730048627,
    "burst": -0.02859351745291927,
    "chord": -0.7688325984612918,
    "pj": 0.0022701858018914223,
    "hs": 0.07263638646456005,
    "lb": 0.016218424130487907,
    "fj": 0.031132801295881807,
    "nps_std": -0.013917292721772556,
    "chord2": -0.6560718870828117
  },
  "postprocess": {
    "N0": 1.028619384641953,
    "threshold": 9.106357175391555,
    "divisor": 1.9709334450462341,
    "scale": 1.0943832892581231
  },
  "regularization_lambda": 0.01,
  "in_sample_loss": {
    "total": 0.6976236443624843
  },
  "cv_test_loss": 0.8735077791731726,
  "cv_test_std": 0.3341574106571036,
  "cv_train_loss": 0.692742009693053
}